"","mExp","dsExp","VIxy","MIxy","DeltaHxy","confMat","accuracy"
"1","Single C5.0 Tree","iris 50/50/50",0.167536863645145,0.832402449693592,6.06866612634129e-05,0,0.953333333333333
"2","Single C5.0 Tree","iris 50/25/25",0.146954928901914,0.797893464062587,0.0551516070354995,0,0.94979797979798
"3","Single C5.0 Tree","iris 50/20/10",0.041650851335796,0.781320759595408,0.177028389068796,0,0.9875
"4","Single C5.0 Tree","iris 50/10/05",0.0435124444166292,0.57615115462309,0.380336400960281,0,0.983333333333333
